,Quiescent,Active,Jailed,Fighting,Legitimacy
0,1149,0,0,0,0.82
1,1135,11,0,3,0.82
2,897,240,3,8,0.8125065274145378
3,637,478,14,17,0.6436151513478052
4,640,456,36,12,0.4550889217863171
5,641,436,56,9,0.46169975086010323
6,644,424,63,10,0.46659819119449886
7,642,401,83,13,0.4702202535676796
8,651,393,83,11,0.4730749097904821
9,651,381,88,17,0.47956815315206175
10,657,380,91,8,0.48079041296063646
