,Quiescent,Active,Jailed,Fighting,Legitimacy
0,1151,0,0,0,0.82
1,1124,1,0,26,0.82
2,1117,0,26,7,0.8055732812197516
3,1118,0,31,0,0.8066404045855251
4,1118,0,30,1,0.8082442138155466
5,1119,0,29,1,0.8080661078207594
6,1120,0,27,2,0.8084225815556326
7,1118,0,29,2,0.8086008719875687
8,1119,0,29,1,0.8078880018259722
9,1120,0,28,1,0.8084225815556326
10,1120,0,28,1,0.8087789779823558
