,Quiescent,Active,Jailed,Fighting,Legitimacy
0,1142,0,0,0,0.82
1,635,440,0,67,0.82
2,579,494,63,2,0.45290878815473373
3,593,413,103,28,0.42772149641949136
4,593,412,131,1,0.44456867471229994
5,604,341,152,39,0.44959494441457654
6,607,340,187,1,0.461076160547319
7,608,276,217,33,0.4697003321919425
8,607,284,242,1,0.4760787228430481
9,616,216,269,33,0.4798902403239839
10,623,215,293,2,0.4908348585808805
