,Quiescent,Active,Jailed,Fighting,Legitimacy
0,1141,0,0,0,0.82
1,1114,22,0,5,0.82
2,1113,21,5,2,0.8054468255829441
3,1114,17,8,2,0.8058060649148062
4,1114,12,12,3,0.8068841612534088
5,1114,9,17,1,0.8076028290886409
6,1114,7,19,1,0.8085011638826813
7,1114,6,20,1,0.8088604978002975
8,1114,5,21,0,0.8090401647591055
9,1114,5,21,0,0.8093995600788864
10,1114,5,21,0,0.8093995600788864
